-- MySQL dump 10.13  Distrib 8.0.27, for Win64 (x86_64)
--
-- Host: localhost    Database: seckill
-- ------------------------------------------------------
-- Server version	8.0.27

/*!40101 SET @OLD_CHARACTER_SET_CLIENT=@@CHARACTER_SET_CLIENT */;
/*!40101 SET @OLD_CHARACTER_SET_RESULTS=@@CHARACTER_SET_RESULTS */;
/*!40101 SET @OLD_COLLATION_CONNECTION=@@COLLATION_CONNECTION */;
/*!50503 SET NAMES utf8mb4 */;
/*!40103 SET @OLD_TIME_ZONE=@@TIME_ZONE */;
/*!40103 SET TIME_ZONE='+00:00' */;
/*!40014 SET @OLD_UNIQUE_CHECKS=@@UNIQUE_CHECKS, UNIQUE_CHECKS=0 */;
/*!40014 SET @OLD_FOREIGN_KEY_CHECKS=@@FOREIGN_KEY_CHECKS, FOREIGN_KEY_CHECKS=0 */;
/*!40101 SET @OLD_SQL_MODE=@@SQL_MODE, SQL_MODE='NO_AUTO_VALUE_ON_ZERO' */;
/*!40111 SET @OLD_SQL_NOTES=@@SQL_NOTES, SQL_NOTES=0 */;

--
-- Table structure for table `item`
--

DROP TABLE IF EXISTS `item`;
/*!40101 SET @saved_cs_client     = @@character_set_client */;
/*!50503 SET character_set_client = utf8mb4 */;
CREATE TABLE `item` (
  `id` int NOT NULL AUTO_INCREMENT,
  `title` varchar(100) NOT NULL DEFAULT '',
  `price` double(10,2) NOT NULL DEFAULT '0.00',
  `sales` int NOT NULL DEFAULT '0',
  `image_url` varchar(200) NOT NULL DEFAULT '',
  `description` varchar(2000) NOT NULL DEFAULT '',
  PRIMARY KEY (`id`)
) ENGINE=InnoDB AUTO_INCREMENT=191 DEFAULT CHARSET=utf8mb3;
/*!40101 SET character_set_client = @saved_cs_client */;

--
-- Dumping data for table `item`
--

LOCK TABLES `item` WRITE;
/*!40000 ALTER TABLE `item` DISABLE KEYS */;
INSERT INTO `item` VALUES (161,'小米（MI）电视 65英寸 新一代全面屏 4K超高清快速投屏智能语音平板电视机 以旧换新 65英寸 小米电视65英寸【高刷3+32G】',10.00,102,'http://img11.360buyimg.com/n1/jfs/t1/87676/32/43127/125702/65ed530fF18148bd4/48bb5a4ce658b961.jpg','<div class=\"col-sm-12\"><img src=\"https://img12.360buyimg.com/imgzone/jfs/t1/232745/27/4863/244272/6565850aFfcc13d4d/928944ff74716515.jpg\"\r\n				width=\"750\" style=\"width:750px\" alt=\"928944ff74716515.jpg\"><img src=\"https://img12.360buyimg.com/imgzone/jfs/t1/248034/1/5569/225678/65ed498eFc7b8ef8d/98880d661b8af0a7.jpg\"\r\n				width=\"750\" style=\"width:750px\" alt=\"98880d661b8af0a7.jpg\"><img src=\"https://img12.360buyimg.com/imgzone/jfs/t1/208551/19/30883/109594/65e0581bFa6d6e383/f8adec7a5e5c72d7.jpg\"\r\n				width=\"750\" style=\"width:750px\" alt=\"f8adec7a5e5c72d7.jpg\"><img src=\"https://img11.360buyimg.com/imgzone/jfs/t1/203114/32/29066/34929/636b65faEcbba8474/c830ecd673f9d220.jpg\"\r\n				width=\"750\" style=\"width:750px\" alt=\"c830ecd673f9d220.jpg\">\r\n	        </div>'),(162,'奢啡 黑咖啡减燃0糖0脂美式冻干无糖速溶纯黑咖啡豆粉100杯',20.00,200,'http://img12.360buyimg.com/n1/jfs/t1/249331/39/1624/133454/6593cf8fFfb80c8a9/fdd759987d1e323f.jpg','		<div class=\"row goods-parameter\">\r\n			<li title=\"黑咖啡\">类别：黑咖啡</li>\r\n			<li title=\"美式咖啡\">口味：美式咖啡</li>\r\n			<li title=\"单一产地\">咖啡豆产地类型：单一产地</li>\r\n			<li title=\"中度烘焙\">烘焙程度：中度烘焙</li>\r\n			<li title=\"盒装\">包装形式：盒装</li>\r\n			<li title=\"51-250g(mL)\">总净含量：51-250g(mL)</li>\r\n			<li title=\"国产\">国产/进口：国产</li>\r\n		</div>\r\n		<div class=\"col-sm-12\"><img <img class=\"\"\r\n				src=\"//img10.360buyimg.com/imgzone/jfs/t1/237085/19/3251/128358/6556c049Fe9416c68/53b8a8db70b748ea.jpg\">\r\n			<img class=\"\"\r\n				src=\"//img10.360buyimg.com/imgzone/jfs/t1/193974/35/38601/148101/65143112F1e18ccf7/ac8a1932f4e69d85.jpg\">\r\n			<img class=\"\"\r\n				src=\"//img10.360buyimg.com/imgzone/jfs/t1/211238/26/32820/165686/65143113Febdecc7b/90a45126faad0be7.jpg\">\r\n		</div>'),(163,'华为 充电器 40W',30.00,300,'http://m.360buyimg.com/seckillcms/s250x250_jfs/t1/207778/28/2135/44513/614eafeaEc3cafe85/fb16dbc63832243f.jpg','<ul class=\"parameter2 p-parameter-list\">\r\n                                <li title=\"华为（HUAWEI）华为SuperCharge 40W超级快充充电器\">商品名称：华为（HUAWEI）华为SuperCharge 40W超级快充充电器</li>\r\n    <li class=\"shieldShopInfo\" title=\"64684235868\">商品编号：64684235868</li>\r\n                      <li class=\"shieldShopInfo\" title=\"启示录数码专营店\">店铺： <a href=\"//mall.jd.com/index-10122283.html?from=pc\" target=\"_blank\">启示录数码专营店</a></li>\r\n                                 <li title=\"20.00g\">商品毛重：20.00g</li>\r\n                                                                  <li title=\"无\">特色功能：无</li>\r\n                                                <li title=\"线充套装\">类型：线充套装</li>\r\n                                                <li title=\"单口\">插口数：单口</li>\r\n                                                <li title=\"FlashCharge协议\">快充协议：FlashCharge协议</li>\r\n                                                <li title=\"40w\">主流功率：40w</li>\r\n                                                <li title=\"白色系\">主色系：白色系</li>\r\n                                                <li title=\"珍珠白色\">白色系：珍珠白色</li>\r\n                                                      </ul><div><img style=\"width: auto; height: auto; max-width: 100%;\" class=\"\" src=\"//img10.360buyimg.com/imgzone/jfs/t1/182283/2/1496/160139/608a7f77Ebe621b52/b208551a7f0370d6.jpg\"><img style=\"width:auto;height:auto;max-width:100%;\" class=\"\" src=\"http://img30.360buyimg.com/popWareDetail/jfs/t1/189851/11/554/111179/608a7beeEddb30635/fa63964d2ab6e2d8.jpg\"><img style=\"width:auto;height:auto;max-width:100%;\" class=\"\" src=\"http://img30.360buyimg.com/popWareDetail/jfs/t1/185074/14/1511/126766/608a7c02E3d6cc1cf/8b424324194d8eee.jpg\"></div>'),(164,'心相印 抽纸 300张*24包',40.00,400,'http://m.360buyimg.com/seckillcms/s250x250_jfs/t1/104173/12/39085/133536/644b8989F8a608b7b/a380b435b623a1be.jpg','<p style=\"text-align:center;\"><img style=\"width:auto;height:auto;max-width:100%;\" alt=\"62e1f52bcbd9276e.jpg\" class=\"\" src=\"https://img10.360buyimg.com/imgzone/jfs/t1/139372/33/17479/126624/605da0f8E820df1ac/62e1f52bcbd9276e.jpg\"><img style=\"width:auto;height:auto;max-width:100%;\" alt=\"75ae68bff98554af.jpg\" class=\"\" src=\"https://img30.360buyimg.com/imgzone/jfs/t1/168808/29/15093/140366/605da0fbEfeb70824/75ae68bff98554af.jpg\"><img style=\"width: 752px; height: 1514px; max-width: 100%;\" alt=\"6a9e71a9d08d17e1.jpg\" class=\"\" src=\"https://img13.360buyimg.com/imgzone/jfs/t1/175247/32/508/174792/605da0fcE6e6737bd/6a9e71a9d08d17e1.jpg\"><img style=\"width:auto;height:auto;max-width:100%;\" alt=\"4cc14fc91d077f3c.jpg\" class=\"\" src=\"https://img14.360buyimg.com/imgzone/jfs/t1/170412/33/14684/139375/605da0fdE00947329/4cc14fc91d077f3c.jpg\"><img style=\"width:auto;height:auto;max-width:100%;\" alt=\"22b2a51d1060c966.jpg\" class=\"\" src=\"https://img10.360buyimg.com/imgzone/jfs/t1/159237/38/15143/172220/605da0fdE1c64b32a/22b2a51d1060c966.jpg\"><img style=\"width:auto;height:auto;max-width:100%;\" alt=\"285791ceff93c5df.jpg\" class=\"\" src=\"https://img20.360buyimg.com/imgzone/jfs/t1/175115/6/462/95484/605da0ffE50198d7c/285791ceff93c5df.jpg\"><br></p>'),(165,'山西红富士苹果新鲜水果 当季现摘红富士冰糖心苹果整箱 75mm(含)-80mm(不含) 带箱5斤',50.00,500,'http://m.360buyimg.com/seckillcms/s250x250_jfs/t1/104173/12/39085/133536/644b8989F8a608b7b/a380b435b623a1be.jpg','<div id=\"J-detail-content\" style=\"font-family: pingfangSC;font-size: 14px;color: #757575;\"><br><img alt=\"\" class=\"\" src=\"https://img20.360buyimg.com/imgzone/jfs/t1/226375/38/12862/219298/65d0c985Fd4fddeb3/30b518361eb613f5.jpg\"><img alt=\"\" class=\"\" src=\"https://img12.360buyimg.com/imgzone/jfs/t1/148710/22/39118/178114/65d0c986F34981f91/686444f2e231efb5.jpg\"><img alt=\"\" class=\"\" src=\"https://img20.360buyimg.com/imgzone/jfs/t1/98319/15/44902/156130/65d0c987Faedb9d90/8a66f7eb1c47ab05.jpg\"><img alt=\"\" class=\"\" src=\"https://img12.360buyimg.com/imgzone/jfs/t1/231708/29/13722/207753/65d0c988Fd8c1cf38/8827697683fad853.jpg\"><img alt=\"\" class=\"\" src=\"https://img20.360buyimg.com/imgzone/jfs/t1/247057/25/4185/245625/65d0c98aF7be32d80/32bc2c3c925cd697.jpg\"><img alt=\"\" class=\"\" src=\"https://img11.360buyimg.com/imgzone/jfs/t1/245398/26/4650/154191/65d0c98cF40eabc19/733f0c86e3135ef0.jpg\"><img alt=\"\" class=\"\" src=\"https://img11.360buyimg.com/imgzone/jfs/t1/110201/13/48426/282448/65d0c98dFc84f6ab0/8d115db33f9c69ad.jpg\"><img alt=\"\" class=\"\" src=\"https://img13.360buyimg.com/imgzone/jfs/t1/123843/35/41545/231895/65d0c932Ffc63080e/b058b90b1f1cd738.jpg\"><map name=\"^_^:c138304ed99108478e42a5996d507737\"></map><br></div>'),(166,'伊利 安慕希 常温希腊风味酸牛奶 原味230g*10瓶/箱（新年年货礼盒装）高端畅饮 迪丽热巴同款',60.00,600,'http://img13.360buyimg.com/seckillcms/s500x500_jfs/t1/170165/16/3762/83664/600a6ae7E854b96d1/2135d5e2b052f37c.jpg','<div class=\"row goods-parameter\"><div class=\"col-sm-12 brand\">品牌：伊利</div><div class=\"col-sm-3\">商品名称：伊利安慕希</div><div class=\"col-sm-3\">商品编号：4790297</div><div class=\"col-sm-3\">商品毛重：2.945kg</div><div class=\"col-sm-3\">商品产地：中国大陆</div><div class=\"col-sm-3\">是否含果肉：无果肉</div><div class=\"col-sm-3\">适用人群：成人</div><div class=\"col-sm-3\">脂肪含量：全脂</div><div class=\"col-sm-3\">净含量：其它</div><div class=\"col-sm-3\">是否添加糖：添加糖</div><div class=\"col-sm-3\">口味：原味</div><div class=\"col-sm-3\">包装：整箱装</div><div class=\"col-sm-3\">是否有机：非有机</div></div><div class=\"row goods-pictures\"><div class=\"col-sm-12\"><img src=\"http://img30.360buyimg.com/jgsq-productsoa/jfs/t1/163023/15/3412/115466/600b994eEc1507c70/d3b3c5c3f38dd38e.jpg\"/></div><div class=\"col-sm-12\"><img src=\"http://img30.360buyimg.com/sku/jfs/t1/153362/3/12954/94425/5fef3a91E0e76b821/d7c7094abf9eb5c0.jpg\"/></div><div class=\"col-sm-12\"><img src=\"http://img30.360buyimg.com/sku/jfs/t1/140813/29/4024/84987/5f1f9b21E67a55958/d860fb1ea09c7c5d.jpg\"/></div><div class=\"col-sm-12\"><img src=\"http://img30.360buyimg.com/sku/jfs/t1/112319/11/13417/115512/5f1f9b22E42819010/215b184c1c74220b.jpg\"/></div><div class=\"col-sm-12\"><img src=\"http://img30.360buyimg.com/sku/jfs/t1/117116/11/13309/151047/5f1f9b22E90e4f251/503917d2d87c3d9f.jpg\"/></div><div class=\"col-sm-12\"><img src=\"http://img30.360buyimg.com/sku/jfs/t1/112780/22/13557/74246/5f1f9b21Ee0a2f5ae/b49d75ce59180823.jpg\"/></div><div class=\"col-sm-12\"><img src=\"http://img30.360buyimg.com/sku/jfs/t1/111141/9/13367/97512/5f1f9b22E4c20c016/75bc1c2f9b2950a8.jpg\"/></div></div>'),(167,'奢啡 黑咖啡减燃0糖0脂美式冻干无糖速溶纯黑咖啡豆粉100杯',70.00,700,'http://img12.360buyimg.com/n1/jfs/t1/249331/39/1624/133454/6593cf8fFfb80c8a9/fdd759987d1e323f.jpg','		<div class=\"row goods-parameter\">\r\n			<li title=\"黑咖啡\">类别：黑咖啡</li>\r\n			<li title=\"美式咖啡\">口味：美式咖啡</li>\r\n			<li title=\"单一产地\">咖啡豆产地类型：单一产地</li>\r\n			<li title=\"中度烘焙\">烘焙程度：中度烘焙</li>\r\n			<li title=\"盒装\">包装形式：盒装</li>\r\n			<li title=\"51-250g(mL)\">总净含量：51-250g(mL)</li>\r\n			<li title=\"国产\">国产/进口：国产</li>\r\n		</div>\r\n		<div class=\"col-sm-12\"><img <img class=\"\"\r\n				src=\"//img10.360buyimg.com/imgzone/jfs/t1/237085/19/3251/128358/6556c049Fe9416c68/53b8a8db70b748ea.jpg\">\r\n			<img class=\"\"\r\n				src=\"//img10.360buyimg.com/imgzone/jfs/t1/193974/35/38601/148101/65143112F1e18ccf7/ac8a1932f4e69d85.jpg\">\r\n			<img class=\"\"\r\n				src=\"//img10.360buyimg.com/imgzone/jfs/t1/211238/26/32820/165686/65143113Febdecc7b/90a45126faad0be7.jpg\">\r\n		</div>'),(168,'华为 充电器 40W',80.00,800,'http://m.360buyimg.com/seckillcms/s250x250_jfs/t1/207778/28/2135/44513/614eafeaEc3cafe85/fb16dbc63832243f.jpg','<ul class=\"parameter2 p-parameter-list\">\r\n                                <li title=\"华为（HUAWEI）华为SuperCharge 40W超级快充充电器\">商品名称：华为（HUAWEI）华为SuperCharge 40W超级快充充电器</li>\r\n    <li class=\"shieldShopInfo\" title=\"64684235868\">商品编号：64684235868</li>\r\n                      <li class=\"shieldShopInfo\" title=\"启示录数码专营店\">店铺： <a href=\"//mall.jd.com/index-10122283.html?from=pc\" target=\"_blank\">启示录数码专营店</a></li>\r\n                                 <li title=\"20.00g\">商品毛重：20.00g</li>\r\n                                                                  <li title=\"无\">特色功能：无</li>\r\n                                                <li title=\"线充套装\">类型：线充套装</li>\r\n                                                <li title=\"单口\">插口数：单口</li>\r\n                                                <li title=\"FlashCharge协议\">快充协议：FlashCharge协议</li>\r\n                                                <li title=\"40w\">主流功率：40w</li>\r\n                                                <li title=\"白色系\">主色系：白色系</li>\r\n                                                <li title=\"珍珠白色\">白色系：珍珠白色</li>\r\n                                                      </ul><div><img style=\"width: auto; height: auto; max-width: 100%;\" class=\"\" src=\"//img10.360buyimg.com/imgzone/jfs/t1/182283/2/1496/160139/608a7f77Ebe621b52/b208551a7f0370d6.jpg\"><img style=\"width:auto;height:auto;max-width:100%;\" class=\"\" src=\"http://img30.360buyimg.com/popWareDetail/jfs/t1/189851/11/554/111179/608a7beeEddb30635/fa63964d2ab6e2d8.jpg\"><img style=\"width:auto;height:auto;max-width:100%;\" class=\"\" src=\"http://img30.360buyimg.com/popWareDetail/jfs/t1/185074/14/1511/126766/608a7c02E3d6cc1cf/8b424324194d8eee.jpg\"></div>'),(169,'心相印 抽纸 300张*24包',90.00,900,'http://m.360buyimg.com/seckillcms/s250x250_jfs/t1/104173/12/39085/133536/644b8989F8a608b7b/a380b435b623a1be.jpg','<p style=\"text-align:center;\"><img style=\"width:auto;height:auto;max-width:100%;\" alt=\"62e1f52bcbd9276e.jpg\" class=\"\" src=\"https://img10.360buyimg.com/imgzone/jfs/t1/139372/33/17479/126624/605da0f8E820df1ac/62e1f52bcbd9276e.jpg\"><img style=\"width:auto;height:auto;max-width:100%;\" alt=\"75ae68bff98554af.jpg\" class=\"\" src=\"https://img30.360buyimg.com/imgzone/jfs/t1/168808/29/15093/140366/605da0fbEfeb70824/75ae68bff98554af.jpg\"><img style=\"width: 752px; height: 1514px; max-width: 100%;\" alt=\"6a9e71a9d08d17e1.jpg\" class=\"\" src=\"https://img13.360buyimg.com/imgzone/jfs/t1/175247/32/508/174792/605da0fcE6e6737bd/6a9e71a9d08d17e1.jpg\"><img style=\"width:auto;height:auto;max-width:100%;\" alt=\"4cc14fc91d077f3c.jpg\" class=\"\" src=\"https://img14.360buyimg.com/imgzone/jfs/t1/170412/33/14684/139375/605da0fdE00947329/4cc14fc91d077f3c.jpg\"><img style=\"width:auto;height:auto;max-width:100%;\" alt=\"22b2a51d1060c966.jpg\" class=\"\" src=\"https://img10.360buyimg.com/imgzone/jfs/t1/159237/38/15143/172220/605da0fdE1c64b32a/22b2a51d1060c966.jpg\"><img style=\"width:auto;height:auto;max-width:100%;\" alt=\"285791ceff93c5df.jpg\" class=\"\" src=\"https://img20.360buyimg.com/imgzone/jfs/t1/175115/6/462/95484/605da0ffE50198d7c/285791ceff93c5df.jpg\"><br></p>'),(170,'山西红富士苹果新鲜水果 当季现摘红富士冰糖心苹果整箱 75mm(含)-80mm(不含) 带箱5斤',100.00,1000,'http://m.360buyimg.com/seckillcms/s250x250_jfs/t1/104173/12/39085/133536/644b8989F8a608b7b/a380b435b623a1be.jpg','<div id=\"J-detail-content\" style=\"font-family: pingfangSC;font-size: 14px;color: #757575;\"><br><img alt=\"\" class=\"\" src=\"https://img20.360buyimg.com/imgzone/jfs/t1/226375/38/12862/219298/65d0c985Fd4fddeb3/30b518361eb613f5.jpg\"><img alt=\"\" class=\"\" src=\"https://img12.360buyimg.com/imgzone/jfs/t1/148710/22/39118/178114/65d0c986F34981f91/686444f2e231efb5.jpg\"><img alt=\"\" class=\"\" src=\"https://img20.360buyimg.com/imgzone/jfs/t1/98319/15/44902/156130/65d0c987Faedb9d90/8a66f7eb1c47ab05.jpg\"><img alt=\"\" class=\"\" src=\"https://img12.360buyimg.com/imgzone/jfs/t1/231708/29/13722/207753/65d0c988Fd8c1cf38/8827697683fad853.jpg\"><img alt=\"\" class=\"\" src=\"https://img20.360buyimg.com/imgzone/jfs/t1/247057/25/4185/245625/65d0c98aF7be32d80/32bc2c3c925cd697.jpg\"><img alt=\"\" class=\"\" src=\"https://img11.360buyimg.com/imgzone/jfs/t1/245398/26/4650/154191/65d0c98cF40eabc19/733f0c86e3135ef0.jpg\"><img alt=\"\" class=\"\" src=\"https://img11.360buyimg.com/imgzone/jfs/t1/110201/13/48426/282448/65d0c98dFc84f6ab0/8d115db33f9c69ad.jpg\"><img alt=\"\" class=\"\" src=\"https://img13.360buyimg.com/imgzone/jfs/t1/123843/35/41545/231895/65d0c932Ffc63080e/b058b90b1f1cd738.jpg\"><map name=\"^_^:c138304ed99108478e42a5996d507737\"></map><br></div>'),(171,'小米（MI）电视 65英寸 新一代全面屏 4K超高清快速投屏智能语音平板电视机 以旧换新 65英寸 小米电视65英寸【高刷3+32G】',110.00,1100,'http://img11.360buyimg.com/n1/jfs/t1/87676/32/43127/125702/65ed530fF18148bd4/48bb5a4ce658b961.jpg','<div class=\"col-sm-12\"><img src=\"https://img12.360buyimg.com/imgzone/jfs/t1/232745/27/4863/244272/6565850aFfcc13d4d/928944ff74716515.jpg\"\r\n				width=\"750\" style=\"width:750px\" alt=\"928944ff74716515.jpg\"><img src=\"https://img12.360buyimg.com/imgzone/jfs/t1/248034/1/5569/225678/65ed498eFc7b8ef8d/98880d661b8af0a7.jpg\"\r\n				width=\"750\" style=\"width:750px\" alt=\"98880d661b8af0a7.jpg\"><img src=\"https://img12.360buyimg.com/imgzone/jfs/t1/208551/19/30883/109594/65e0581bFa6d6e383/f8adec7a5e5c72d7.jpg\"\r\n				width=\"750\" style=\"width:750px\" alt=\"f8adec7a5e5c72d7.jpg\"><img src=\"https://img11.360buyimg.com/imgzone/jfs/t1/203114/32/29066/34929/636b65faEcbba8474/c830ecd673f9d220.jpg\"\r\n				width=\"750\" style=\"width:750px\" alt=\"c830ecd673f9d220.jpg\">\r\n	        </div>'),(172,'奢啡 黑咖啡减燃0糖0脂美式冻干无糖速溶纯黑咖啡豆粉100杯',120.00,1200,'http://img12.360buyimg.com/n1/jfs/t1/249331/39/1624/133454/6593cf8fFfb80c8a9/fdd759987d1e323f.jpg','		<div class=\"row goods-parameter\">\r\n			<li title=\"黑咖啡\">类别：黑咖啡</li>\r\n			<li title=\"美式咖啡\">口味：美式咖啡</li>\r\n			<li title=\"单一产地\">咖啡豆产地类型：单一产地</li>\r\n			<li title=\"中度烘焙\">烘焙程度：中度烘焙</li>\r\n			<li title=\"盒装\">包装形式：盒装</li>\r\n			<li title=\"51-250g(mL)\">总净含量：51-250g(mL)</li>\r\n			<li title=\"国产\">国产/进口：国产</li>\r\n		</div>\r\n		<div class=\"col-sm-12\"><img <img class=\"\"\r\n				src=\"//img10.360buyimg.com/imgzone/jfs/t1/237085/19/3251/128358/6556c049Fe9416c68/53b8a8db70b748ea.jpg\">\r\n			<img class=\"\"\r\n				src=\"//img10.360buyimg.com/imgzone/jfs/t1/193974/35/38601/148101/65143112F1e18ccf7/ac8a1932f4e69d85.jpg\">\r\n			<img class=\"\"\r\n				src=\"//img10.360buyimg.com/imgzone/jfs/t1/211238/26/32820/165686/65143113Febdecc7b/90a45126faad0be7.jpg\">\r\n		</div>'),(173,'华为 充电器 40W',130.00,1300,'http://m.360buyimg.com/seckillcms/s250x250_jfs/t1/207778/28/2135/44513/614eafeaEc3cafe85/fb16dbc63832243f.jpg','<ul class=\"parameter2 p-parameter-list\">\r\n                                <li title=\"华为（HUAWEI）华为SuperCharge 40W超级快充充电器\">商品名称：华为（HUAWEI）华为SuperCharge 40W超级快充充电器</li>\r\n    <li class=\"shieldShopInfo\" title=\"64684235868\">商品编号：64684235868</li>\r\n                      <li class=\"shieldShopInfo\" title=\"启示录数码专营店\">店铺： <a href=\"//mall.jd.com/index-10122283.html?from=pc\" target=\"_blank\">启示录数码专营店</a></li>\r\n                                 <li title=\"20.00g\">商品毛重：20.00g</li>\r\n                                                                  <li title=\"无\">特色功能：无</li>\r\n                                                <li title=\"线充套装\">类型：线充套装</li>\r\n                                                <li title=\"单口\">插口数：单口</li>\r\n                                                <li title=\"FlashCharge协议\">快充协议：FlashCharge协议</li>\r\n                                                <li title=\"40w\">主流功率：40w</li>\r\n                                                <li title=\"白色系\">主色系：白色系</li>\r\n                                                <li title=\"珍珠白色\">白色系：珍珠白色</li>\r\n                                                      </ul><div><img style=\"width: auto; height: auto; max-width: 100%;\" class=\"\" src=\"//img10.360buyimg.com/imgzone/jfs/t1/182283/2/1496/160139/608a7f77Ebe621b52/b208551a7f0370d6.jpg\"><img style=\"width:auto;height:auto;max-width:100%;\" class=\"\" src=\"http://img30.360buyimg.com/popWareDetail/jfs/t1/189851/11/554/111179/608a7beeEddb30635/fa63964d2ab6e2d8.jpg\"><img style=\"width:auto;height:auto;max-width:100%;\" class=\"\" src=\"http://img30.360buyimg.com/popWareDetail/jfs/t1/185074/14/1511/126766/608a7c02E3d6cc1cf/8b424324194d8eee.jpg\"></div>'),(174,'心相印 抽纸 300张*24包',140.00,1400,'http://m.360buyimg.com/seckillcms/s250x250_jfs/t1/104173/12/39085/133536/644b8989F8a608b7b/a380b435b623a1be.jpg','<p style=\"text-align:center;\"><img style=\"width:auto;height:auto;max-width:100%;\" alt=\"62e1f52bcbd9276e.jpg\" class=\"\" src=\"https://img10.360buyimg.com/imgzone/jfs/t1/139372/33/17479/126624/605da0f8E820df1ac/62e1f52bcbd9276e.jpg\"><img style=\"width:auto;height:auto;max-width:100%;\" alt=\"75ae68bff98554af.jpg\" class=\"\" src=\"https://img30.360buyimg.com/imgzone/jfs/t1/168808/29/15093/140366/605da0fbEfeb70824/75ae68bff98554af.jpg\"><img style=\"width: 752px; height: 1514px; max-width: 100%;\" alt=\"6a9e71a9d08d17e1.jpg\" class=\"\" src=\"https://img13.360buyimg.com/imgzone/jfs/t1/175247/32/508/174792/605da0fcE6e6737bd/6a9e71a9d08d17e1.jpg\"><img style=\"width:auto;height:auto;max-width:100%;\" alt=\"4cc14fc91d077f3c.jpg\" class=\"\" src=\"https://img14.360buyimg.com/imgzone/jfs/t1/170412/33/14684/139375/605da0fdE00947329/4cc14fc91d077f3c.jpg\"><img style=\"width:auto;height:auto;max-width:100%;\" alt=\"22b2a51d1060c966.jpg\" class=\"\" src=\"https://img10.360buyimg.com/imgzone/jfs/t1/159237/38/15143/172220/605da0fdE1c64b32a/22b2a51d1060c966.jpg\"><img style=\"width:auto;height:auto;max-width:100%;\" alt=\"285791ceff93c5df.jpg\" class=\"\" src=\"https://img20.360buyimg.com/imgzone/jfs/t1/175115/6/462/95484/605da0ffE50198d7c/285791ceff93c5df.jpg\"><br></p>'),(175,'山西红富士苹果新鲜水果 当季现摘红富士冰糖心苹果整箱 75mm(含)-80mm(不含) 带箱5斤',150.00,1500,'http://m.360buyimg.com/seckillcms/s250x250_jfs/t1/104173/12/39085/133536/644b8989F8a608b7b/a380b435b623a1be.jpg','<div id=\"J-detail-content\" style=\"font-family: pingfangSC;font-size: 14px;color: #757575;\"><br><img alt=\"\" class=\"\" src=\"https://img20.360buyimg.com/imgzone/jfs/t1/226375/38/12862/219298/65d0c985Fd4fddeb3/30b518361eb613f5.jpg\"><img alt=\"\" class=\"\" src=\"https://img12.360buyimg.com/imgzone/jfs/t1/148710/22/39118/178114/65d0c986F34981f91/686444f2e231efb5.jpg\"><img alt=\"\" class=\"\" src=\"https://img20.360buyimg.com/imgzone/jfs/t1/98319/15/44902/156130/65d0c987Faedb9d90/8a66f7eb1c47ab05.jpg\"><img alt=\"\" class=\"\" src=\"https://img12.360buyimg.com/imgzone/jfs/t1/231708/29/13722/207753/65d0c988Fd8c1cf38/8827697683fad853.jpg\"><img alt=\"\" class=\"\" src=\"https://img20.360buyimg.com/imgzone/jfs/t1/247057/25/4185/245625/65d0c98aF7be32d80/32bc2c3c925cd697.jpg\"><img alt=\"\" class=\"\" src=\"https://img11.360buyimg.com/imgzone/jfs/t1/245398/26/4650/154191/65d0c98cF40eabc19/733f0c86e3135ef0.jpg\"><img alt=\"\" class=\"\" src=\"https://img11.360buyimg.com/imgzone/jfs/t1/110201/13/48426/282448/65d0c98dFc84f6ab0/8d115db33f9c69ad.jpg\"><img alt=\"\" class=\"\" src=\"https://img13.360buyimg.com/imgzone/jfs/t1/123843/35/41545/231895/65d0c932Ffc63080e/b058b90b1f1cd738.jpg\"><map name=\"^_^:c138304ed99108478e42a5996d507737\"></map><br></div>'),(176,'伊利 安慕希 常温希腊风味酸牛奶 原味230g*10瓶/箱（新年年货礼盒装）高端畅饮 迪丽热巴同款',160.00,1600,'http://img13.360buyimg.com/seckillcms/s500x500_jfs/t1/170165/16/3762/83664/600a6ae7E854b96d1/2135d5e2b052f37c.jpg','<div class=\"row goods-parameter\"><div class=\"col-sm-12 brand\">品牌：伊利</div><div class=\"col-sm-3\">商品名称：伊利安慕希</div><div class=\"col-sm-3\">商品编号：4790297</div><div class=\"col-sm-3\">商品毛重：2.945kg</div><div class=\"col-sm-3\">商品产地：中国大陆</div><div class=\"col-sm-3\">是否含果肉：无果肉</div><div class=\"col-sm-3\">适用人群：成人</div><div class=\"col-sm-3\">脂肪含量：全脂</div><div class=\"col-sm-3\">净含量：其它</div><div class=\"col-sm-3\">是否添加糖：添加糖</div><div class=\"col-sm-3\">口味：原味</div><div class=\"col-sm-3\">包装：整箱装</div><div class=\"col-sm-3\">是否有机：非有机</div></div><div class=\"row goods-pictures\"><div class=\"col-sm-12\"><img src=\"http://img30.360buyimg.com/jgsq-productsoa/jfs/t1/163023/15/3412/115466/600b994eEc1507c70/d3b3c5c3f38dd38e.jpg\"/></div><div class=\"col-sm-12\"><img src=\"http://img30.360buyimg.com/sku/jfs/t1/153362/3/12954/94425/5fef3a91E0e76b821/d7c7094abf9eb5c0.jpg\"/></div><div class=\"col-sm-12\"><img src=\"http://img30.360buyimg.com/sku/jfs/t1/140813/29/4024/84987/5f1f9b21E67a55958/d860fb1ea09c7c5d.jpg\"/></div><div class=\"col-sm-12\"><img src=\"http://img30.360buyimg.com/sku/jfs/t1/112319/11/13417/115512/5f1f9b22E42819010/215b184c1c74220b.jpg\"/></div><div class=\"col-sm-12\"><img src=\"http://img30.360buyimg.com/sku/jfs/t1/117116/11/13309/151047/5f1f9b22E90e4f251/503917d2d87c3d9f.jpg\"/></div><div class=\"col-sm-12\"><img src=\"http://img30.360buyimg.com/sku/jfs/t1/112780/22/13557/74246/5f1f9b21Ee0a2f5ae/b49d75ce59180823.jpg\"/></div><div class=\"col-sm-12\"><img src=\"http://img30.360buyimg.com/sku/jfs/t1/111141/9/13367/97512/5f1f9b22E4c20c016/75bc1c2f9b2950a8.jpg\"/></div></div>'),(177,'奢啡 黑咖啡减燃0糖0脂美式冻干无糖速溶纯黑咖啡豆粉100杯',170.00,1700,'http://img12.360buyimg.com/n1/jfs/t1/249331/39/1624/133454/6593cf8fFfb80c8a9/fdd759987d1e323f.jpg','		<div class=\"row goods-parameter\">\r\n			<li title=\"黑咖啡\">类别：黑咖啡</li>\r\n			<li title=\"美式咖啡\">口味：美式咖啡</li>\r\n			<li title=\"单一产地\">咖啡豆产地类型：单一产地</li>\r\n			<li title=\"中度烘焙\">烘焙程度：中度烘焙</li>\r\n			<li title=\"盒装\">包装形式：盒装</li>\r\n			<li title=\"51-250g(mL)\">总净含量：51-250g(mL)</li>\r\n			<li title=\"国产\">国产/进口：国产</li>\r\n		</div>\r\n		<div class=\"col-sm-12\"><img <img class=\"\"\r\n				src=\"//img10.360buyimg.com/imgzone/jfs/t1/237085/19/3251/128358/6556c049Fe9416c68/53b8a8db70b748ea.jpg\">\r\n			<img class=\"\"\r\n				src=\"//img10.360buyimg.com/imgzone/jfs/t1/193974/35/38601/148101/65143112F1e18ccf7/ac8a1932f4e69d85.jpg\">\r\n			<img class=\"\"\r\n				src=\"//img10.360buyimg.com/imgzone/jfs/t1/211238/26/32820/165686/65143113Febdecc7b/90a45126faad0be7.jpg\">\r\n		</div>'),(178,'华为 充电器 40W',180.00,1800,'http://m.360buyimg.com/seckillcms/s250x250_jfs/t1/207778/28/2135/44513/614eafeaEc3cafe85/fb16dbc63832243f.jpg','<ul class=\"parameter2 p-parameter-list\">\r\n                                <li title=\"华为（HUAWEI）华为SuperCharge 40W超级快充充电器\">商品名称：华为（HUAWEI）华为SuperCharge 40W超级快充充电器</li>\r\n    <li class=\"shieldShopInfo\" title=\"64684235868\">商品编号：64684235868</li>\r\n                      <li class=\"shieldShopInfo\" title=\"启示录数码专营店\">店铺： <a href=\"//mall.jd.com/index-10122283.html?from=pc\" target=\"_blank\">启示录数码专营店</a></li>\r\n                                 <li title=\"20.00g\">商品毛重：20.00g</li>\r\n                                                                  <li title=\"无\">特色功能：无</li>\r\n                                                <li title=\"线充套装\">类型：线充套装</li>\r\n                                                <li title=\"单口\">插口数：单口</li>\r\n                                                <li title=\"FlashCharge协议\">快充协议：FlashCharge协议</li>\r\n                                                <li title=\"40w\">主流功率：40w</li>\r\n                                                <li title=\"白色系\">主色系：白色系</li>\r\n                                                <li title=\"珍珠白色\">白色系：珍珠白色</li>\r\n                                                      </ul><div><img style=\"width: auto; height: auto; max-width: 100%;\" class=\"\" src=\"//img10.360buyimg.com/imgzone/jfs/t1/182283/2/1496/160139/608a7f77Ebe621b52/b208551a7f0370d6.jpg\"><img style=\"width:auto;height:auto;max-width:100%;\" class=\"\" src=\"http://img30.360buyimg.com/popWareDetail/jfs/t1/189851/11/554/111179/608a7beeEddb30635/fa63964d2ab6e2d8.jpg\"><img style=\"width:auto;height:auto;max-width:100%;\" class=\"\" src=\"http://img30.360buyimg.com/popWareDetail/jfs/t1/185074/14/1511/126766/608a7c02E3d6cc1cf/8b424324194d8eee.jpg\"></div>'),(179,'心相印 抽纸 300张*24包',190.00,1900,'http://m.360buyimg.com/seckillcms/s250x250_jfs/t1/104173/12/39085/133536/644b8989F8a608b7b/a380b435b623a1be.jpg','<p style=\"text-align:center;\"><img style=\"width:auto;height:auto;max-width:100%;\" alt=\"62e1f52bcbd9276e.jpg\" class=\"\" src=\"https://img10.360buyimg.com/imgzone/jfs/t1/139372/33/17479/126624/605da0f8E820df1ac/62e1f52bcbd9276e.jpg\"><img style=\"width:auto;height:auto;max-width:100%;\" alt=\"75ae68bff98554af.jpg\" class=\"\" src=\"https://img30.360buyimg.com/imgzone/jfs/t1/168808/29/15093/140366/605da0fbEfeb70824/75ae68bff98554af.jpg\"><img style=\"width: 752px; height: 1514px; max-width: 100%;\" alt=\"6a9e71a9d08d17e1.jpg\" class=\"\" src=\"https://img13.360buyimg.com/imgzone/jfs/t1/175247/32/508/174792/605da0fcE6e6737bd/6a9e71a9d08d17e1.jpg\"><img style=\"width:auto;height:auto;max-width:100%;\" alt=\"4cc14fc91d077f3c.jpg\" class=\"\" src=\"https://img14.360buyimg.com/imgzone/jfs/t1/170412/33/14684/139375/605da0fdE00947329/4cc14fc91d077f3c.jpg\"><img style=\"width:auto;height:auto;max-width:100%;\" alt=\"22b2a51d1060c966.jpg\" class=\"\" src=\"https://img10.360buyimg.com/imgzone/jfs/t1/159237/38/15143/172220/605da0fdE1c64b32a/22b2a51d1060c966.jpg\"><img style=\"width:auto;height:auto;max-width:100%;\" alt=\"285791ceff93c5df.jpg\" class=\"\" src=\"https://img20.360buyimg.com/imgzone/jfs/t1/175115/6/462/95484/605da0ffE50198d7c/285791ceff93c5df.jpg\"><br></p>'),(180,'山西红富士苹果新鲜水果 当季现摘红富士冰糖心苹果整箱 75mm(含)-80mm(不含) 带箱5斤',200.00,2000,'http://m.360buyimg.com/seckillcms/s250x250_jfs/t1/104173/12/39085/133536/644b8989F8a608b7b/a380b435b623a1be.jpg','<div id=\"J-detail-content\" style=\"font-family: pingfangSC;font-size: 14px;color: #757575;\"><br><img alt=\"\" class=\"\" src=\"https://img20.360buyimg.com/imgzone/jfs/t1/226375/38/12862/219298/65d0c985Fd4fddeb3/30b518361eb613f5.jpg\"><img alt=\"\" class=\"\" src=\"https://img12.360buyimg.com/imgzone/jfs/t1/148710/22/39118/178114/65d0c986F34981f91/686444f2e231efb5.jpg\"><img alt=\"\" class=\"\" src=\"https://img20.360buyimg.com/imgzone/jfs/t1/98319/15/44902/156130/65d0c987Faedb9d90/8a66f7eb1c47ab05.jpg\"><img alt=\"\" class=\"\" src=\"https://img12.360buyimg.com/imgzone/jfs/t1/231708/29/13722/207753/65d0c988Fd8c1cf38/8827697683fad853.jpg\"><img alt=\"\" class=\"\" src=\"https://img20.360buyimg.com/imgzone/jfs/t1/247057/25/4185/245625/65d0c98aF7be32d80/32bc2c3c925cd697.jpg\"><img alt=\"\" class=\"\" src=\"https://img11.360buyimg.com/imgzone/jfs/t1/245398/26/4650/154191/65d0c98cF40eabc19/733f0c86e3135ef0.jpg\"><img alt=\"\" class=\"\" src=\"https://img11.360buyimg.com/imgzone/jfs/t1/110201/13/48426/282448/65d0c98dFc84f6ab0/8d115db33f9c69ad.jpg\"><img alt=\"\" class=\"\" src=\"https://img13.360buyimg.com/imgzone/jfs/t1/123843/35/41545/231895/65d0c932Ffc63080e/b058b90b1f1cd738.jpg\"><map name=\"^_^:c138304ed99108478e42a5996d507737\"></map><br></div>'),(181,'小米（MI）电视 65英寸 新一代全面屏 4K超高清快速投屏智能语音平板电视机 以旧换新 65英寸 小米电视65英寸【高刷3+32G】',210.00,2100,'http://img11.360buyimg.com/n1/jfs/t1/87676/32/43127/125702/65ed530fF18148bd4/48bb5a4ce658b961.jpg','<div class=\"col-sm-12\"><img src=\"https://img12.360buyimg.com/imgzone/jfs/t1/232745/27/4863/244272/6565850aFfcc13d4d/928944ff74716515.jpg\"\r\n				width=\"750\" style=\"width:750px\" alt=\"928944ff74716515.jpg\"><img src=\"https://img12.360buyimg.com/imgzone/jfs/t1/248034/1/5569/225678/65ed498eFc7b8ef8d/98880d661b8af0a7.jpg\"\r\n				width=\"750\" style=\"width:750px\" alt=\"98880d661b8af0a7.jpg\"><img src=\"https://img12.360buyimg.com/imgzone/jfs/t1/208551/19/30883/109594/65e0581bFa6d6e383/f8adec7a5e5c72d7.jpg\"\r\n				width=\"750\" style=\"width:750px\" alt=\"f8adec7a5e5c72d7.jpg\"><img src=\"https://img11.360buyimg.com/imgzone/jfs/t1/203114/32/29066/34929/636b65faEcbba8474/c830ecd673f9d220.jpg\"\r\n				width=\"750\" style=\"width:750px\" alt=\"c830ecd673f9d220.jpg\">\r\n	        </div>'),(182,'奢啡 黑咖啡减燃0糖0脂美式冻干无糖速溶纯黑咖啡豆粉100杯',220.00,2200,'http://img12.360buyimg.com/n1/jfs/t1/249331/39/1624/133454/6593cf8fFfb80c8a9/fdd759987d1e323f.jpg','		<div class=\"row goods-parameter\">\r\n			<li title=\"黑咖啡\">类别：黑咖啡</li>\r\n			<li title=\"美式咖啡\">口味：美式咖啡</li>\r\n			<li title=\"单一产地\">咖啡豆产地类型：单一产地</li>\r\n			<li title=\"中度烘焙\">烘焙程度：中度烘焙</li>\r\n			<li title=\"盒装\">包装形式：盒装</li>\r\n			<li title=\"51-250g(mL)\">总净含量：51-250g(mL)</li>\r\n			<li title=\"国产\">国产/进口：国产</li>\r\n		</div>\r\n		<div class=\"col-sm-12\"><img <img class=\"\"\r\n				src=\"//img10.360buyimg.com/imgzone/jfs/t1/237085/19/3251/128358/6556c049Fe9416c68/53b8a8db70b748ea.jpg\">\r\n			<img class=\"\"\r\n				src=\"//img10.360buyimg.com/imgzone/jfs/t1/193974/35/38601/148101/65143112F1e18ccf7/ac8a1932f4e69d85.jpg\">\r\n			<img class=\"\"\r\n				src=\"//img10.360buyimg.com/imgzone/jfs/t1/211238/26/32820/165686/65143113Febdecc7b/90a45126faad0be7.jpg\">\r\n		</div>'),(183,'华为 充电器 40W',230.00,2300,'http://m.360buyimg.com/seckillcms/s250x250_jfs/t1/207778/28/2135/44513/614eafeaEc3cafe85/fb16dbc63832243f.jpg','<ul class=\"parameter2 p-parameter-list\">\r\n                                <li title=\"华为（HUAWEI）华为SuperCharge 40W超级快充充电器\">商品名称：华为（HUAWEI）华为SuperCharge 40W超级快充充电器</li>\r\n    <li class=\"shieldShopInfo\" title=\"64684235868\">商品编号：64684235868</li>\r\n                      <li class=\"shieldShopInfo\" title=\"启示录数码专营店\">店铺： <a href=\"//mall.jd.com/index-10122283.html?from=pc\" target=\"_blank\">启示录数码专营店</a></li>\r\n                                 <li title=\"20.00g\">商品毛重：20.00g</li>\r\n                                                                  <li title=\"无\">特色功能：无</li>\r\n                                                <li title=\"线充套装\">类型：线充套装</li>\r\n                                                <li title=\"单口\">插口数：单口</li>\r\n                                                <li title=\"FlashCharge协议\">快充协议：FlashCharge协议</li>\r\n                                                <li title=\"40w\">主流功率：40w</li>\r\n                                                <li title=\"白色系\">主色系：白色系</li>\r\n                                                <li title=\"珍珠白色\">白色系：珍珠白色</li>\r\n                                                      </ul><div><img style=\"width: auto; height: auto; max-width: 100%;\" class=\"\" src=\"//img10.360buyimg.com/imgzone/jfs/t1/182283/2/1496/160139/608a7f77Ebe621b52/b208551a7f0370d6.jpg\"><img style=\"width:auto;height:auto;max-width:100%;\" class=\"\" src=\"http://img30.360buyimg.com/popWareDetail/jfs/t1/189851/11/554/111179/608a7beeEddb30635/fa63964d2ab6e2d8.jpg\"><img style=\"width:auto;height:auto;max-width:100%;\" class=\"\" src=\"http://img30.360buyimg.com/popWareDetail/jfs/t1/185074/14/1511/126766/608a7c02E3d6cc1cf/8b424324194d8eee.jpg\"></div>'),(184,'心相印 抽纸 300张*24包',240.00,2400,'http://m.360buyimg.com/seckillcms/s250x250_jfs/t1/104173/12/39085/133536/644b8989F8a608b7b/a380b435b623a1be.jpg','<p style=\"text-align:center;\"><img style=\"width:auto;height:auto;max-width:100%;\" alt=\"62e1f52bcbd9276e.jpg\" class=\"\" src=\"https://img10.360buyimg.com/imgzone/jfs/t1/139372/33/17479/126624/605da0f8E820df1ac/62e1f52bcbd9276e.jpg\"><img style=\"width:auto;height:auto;max-width:100%;\" alt=\"75ae68bff98554af.jpg\" class=\"\" src=\"https://img30.360buyimg.com/imgzone/jfs/t1/168808/29/15093/140366/605da0fbEfeb70824/75ae68bff98554af.jpg\"><img style=\"width: 752px; height: 1514px; max-width: 100%;\" alt=\"6a9e71a9d08d17e1.jpg\" class=\"\" src=\"https://img13.360buyimg.com/imgzone/jfs/t1/175247/32/508/174792/605da0fcE6e6737bd/6a9e71a9d08d17e1.jpg\"><img style=\"width:auto;height:auto;max-width:100%;\" alt=\"4cc14fc91d077f3c.jpg\" class=\"\" src=\"https://img14.360buyimg.com/imgzone/jfs/t1/170412/33/14684/139375/605da0fdE00947329/4cc14fc91d077f3c.jpg\"><img style=\"width:auto;height:auto;max-width:100%;\" alt=\"22b2a51d1060c966.jpg\" class=\"\" src=\"https://img10.360buyimg.com/imgzone/jfs/t1/159237/38/15143/172220/605da0fdE1c64b32a/22b2a51d1060c966.jpg\"><img style=\"width:auto;height:auto;max-width:100%;\" alt=\"285791ceff93c5df.jpg\" class=\"\" src=\"https://img20.360buyimg.com/imgzone/jfs/t1/175115/6/462/95484/605da0ffE50198d7c/285791ceff93c5df.jpg\"><br></p>'),(185,'山西红富士苹果新鲜水果 当季现摘红富士冰糖心苹果整箱 75mm(含)-80mm(不含) 带箱5斤',250.00,2500,'http://m.360buyimg.com/seckillcms/s250x250_jfs/t1/104173/12/39085/133536/644b8989F8a608b7b/a380b435b623a1be.jpg','<div id=\"J-detail-content\" style=\"font-family: pingfangSC;font-size: 14px;color: #757575;\"><br><img alt=\"\" class=\"\" src=\"https://img20.360buyimg.com/imgzone/jfs/t1/226375/38/12862/219298/65d0c985Fd4fddeb3/30b518361eb613f5.jpg\"><img alt=\"\" class=\"\" src=\"https://img12.360buyimg.com/imgzone/jfs/t1/148710/22/39118/178114/65d0c986F34981f91/686444f2e231efb5.jpg\"><img alt=\"\" class=\"\" src=\"https://img20.360buyimg.com/imgzone/jfs/t1/98319/15/44902/156130/65d0c987Faedb9d90/8a66f7eb1c47ab05.jpg\"><img alt=\"\" class=\"\" src=\"https://img12.360buyimg.com/imgzone/jfs/t1/231708/29/13722/207753/65d0c988Fd8c1cf38/8827697683fad853.jpg\"><img alt=\"\" class=\"\" src=\"https://img20.360buyimg.com/imgzone/jfs/t1/247057/25/4185/245625/65d0c98aF7be32d80/32bc2c3c925cd697.jpg\"><img alt=\"\" class=\"\" src=\"https://img11.360buyimg.com/imgzone/jfs/t1/245398/26/4650/154191/65d0c98cF40eabc19/733f0c86e3135ef0.jpg\"><img alt=\"\" class=\"\" src=\"https://img11.360buyimg.com/imgzone/jfs/t1/110201/13/48426/282448/65d0c98dFc84f6ab0/8d115db33f9c69ad.jpg\"><img alt=\"\" class=\"\" src=\"https://img13.360buyimg.com/imgzone/jfs/t1/123843/35/41545/231895/65d0c932Ffc63080e/b058b90b1f1cd738.jpg\"><map name=\"^_^:c138304ed99108478e42a5996d507737\"></map><br></div>'),(186,'伊利 安慕希 常温希腊风味酸牛奶 原味230g*10瓶/箱（新年年货礼盒装）高端畅饮 迪丽热巴同款',260.00,2600,'http://img13.360buyimg.com/seckillcms/s500x500_jfs/t1/170165/16/3762/83664/600a6ae7E854b96d1/2135d5e2b052f37c.jpg','<div class=\"row goods-parameter\"><div class=\"col-sm-12 brand\">品牌：伊利</div><div class=\"col-sm-3\">商品名称：伊利安慕希</div><div class=\"col-sm-3\">商品编号：4790297</div><div class=\"col-sm-3\">商品毛重：2.945kg</div><div class=\"col-sm-3\">商品产地：中国大陆</div><div class=\"col-sm-3\">是否含果肉：无果肉</div><div class=\"col-sm-3\">适用人群：成人</div><div class=\"col-sm-3\">脂肪含量：全脂</div><div class=\"col-sm-3\">净含量：其它</div><div class=\"col-sm-3\">是否添加糖：添加糖</div><div class=\"col-sm-3\">口味：原味</div><div class=\"col-sm-3\">包装：整箱装</div><div class=\"col-sm-3\">是否有机：非有机</div></div><div class=\"row goods-pictures\"><div class=\"col-sm-12\"><img src=\"http://img30.360buyimg.com/jgsq-productsoa/jfs/t1/163023/15/3412/115466/600b994eEc1507c70/d3b3c5c3f38dd38e.jpg\"/></div><div class=\"col-sm-12\"><img src=\"http://img30.360buyimg.com/sku/jfs/t1/153362/3/12954/94425/5fef3a91E0e76b821/d7c7094abf9eb5c0.jpg\"/></div><div class=\"col-sm-12\"><img src=\"http://img30.360buyimg.com/sku/jfs/t1/140813/29/4024/84987/5f1f9b21E67a55958/d860fb1ea09c7c5d.jpg\"/></div><div class=\"col-sm-12\"><img src=\"http://img30.360buyimg.com/sku/jfs/t1/112319/11/13417/115512/5f1f9b22E42819010/215b184c1c74220b.jpg\"/></div><div class=\"col-sm-12\"><img src=\"http://img30.360buyimg.com/sku/jfs/t1/117116/11/13309/151047/5f1f9b22E90e4f251/503917d2d87c3d9f.jpg\"/></div><div class=\"col-sm-12\"><img src=\"http://img30.360buyimg.com/sku/jfs/t1/112780/22/13557/74246/5f1f9b21Ee0a2f5ae/b49d75ce59180823.jpg\"/></div><div class=\"col-sm-12\"><img src=\"http://img30.360buyimg.com/sku/jfs/t1/111141/9/13367/97512/5f1f9b22E4c20c016/75bc1c2f9b2950a8.jpg\"/></div></div>'),(187,'奢啡 黑咖啡减燃0糖0脂美式冻干无糖速溶纯黑咖啡豆粉100杯',270.00,2700,'http://img12.360buyimg.com/n1/jfs/t1/249331/39/1624/133454/6593cf8fFfb80c8a9/fdd759987d1e323f.jpg','		<div class=\"row goods-parameter\">\r\n			<li title=\"黑咖啡\">类别：黑咖啡</li>\r\n			<li title=\"美式咖啡\">口味：美式咖啡</li>\r\n			<li title=\"单一产地\">咖啡豆产地类型：单一产地</li>\r\n			<li title=\"中度烘焙\">烘焙程度：中度烘焙</li>\r\n			<li title=\"盒装\">包装形式：盒装</li>\r\n			<li title=\"51-250g(mL)\">总净含量：51-250g(mL)</li>\r\n			<li title=\"国产\">国产/进口：国产</li>\r\n		</div>\r\n		<div class=\"col-sm-12\"><img <img class=\"\"\r\n				src=\"//img10.360buyimg.com/imgzone/jfs/t1/237085/19/3251/128358/6556c049Fe9416c68/53b8a8db70b748ea.jpg\">\r\n			<img class=\"\"\r\n				src=\"//img10.360buyimg.com/imgzone/jfs/t1/193974/35/38601/148101/65143112F1e18ccf7/ac8a1932f4e69d85.jpg\">\r\n			<img class=\"\"\r\n				src=\"//img10.360buyimg.com/imgzone/jfs/t1/211238/26/32820/165686/65143113Febdecc7b/90a45126faad0be7.jpg\">\r\n		</div>'),(188,'华为 充电器 40W',280.00,2800,'http://m.360buyimg.com/seckillcms/s250x250_jfs/t1/207778/28/2135/44513/614eafeaEc3cafe85/fb16dbc63832243f.jpg','<ul class=\"parameter2 p-parameter-list\">\r\n                                <li title=\"华为（HUAWEI）华为SuperCharge 40W超级快充充电器\">商品名称：华为（HUAWEI）华为SuperCharge 40W超级快充充电器</li>\r\n    <li class=\"shieldShopInfo\" title=\"64684235868\">商品编号：64684235868</li>\r\n                      <li class=\"shieldShopInfo\" title=\"启示录数码专营店\">店铺： <a href=\"//mall.jd.com/index-10122283.html?from=pc\" target=\"_blank\">启示录数码专营店</a></li>\r\n                                 <li title=\"20.00g\">商品毛重：20.00g</li>\r\n                                                                  <li title=\"无\">特色功能：无</li>\r\n                                                <li title=\"线充套装\">类型：线充套装</li>\r\n                                                <li title=\"单口\">插口数：单口</li>\r\n                                                <li title=\"FlashCharge协议\">快充协议：FlashCharge协议</li>\r\n                                                <li title=\"40w\">主流功率：40w</li>\r\n                                                <li title=\"白色系\">主色系：白色系</li>\r\n                                                <li title=\"珍珠白色\">白色系：珍珠白色</li>\r\n                                                      </ul><div><img style=\"width: auto; height: auto; max-width: 100%;\" class=\"\" src=\"//img10.360buyimg.com/imgzone/jfs/t1/182283/2/1496/160139/608a7f77Ebe621b52/b208551a7f0370d6.jpg\"><img style=\"width:auto;height:auto;max-width:100%;\" class=\"\" src=\"http://img30.360buyimg.com/popWareDetail/jfs/t1/189851/11/554/111179/608a7beeEddb30635/fa63964d2ab6e2d8.jpg\"><img style=\"width:auto;height:auto;max-width:100%;\" class=\"\" src=\"http://img30.360buyimg.com/popWareDetail/jfs/t1/185074/14/1511/126766/608a7c02E3d6cc1cf/8b424324194d8eee.jpg\"></div>'),(189,'心相印 抽纸 300张*24包',290.00,2900,'http://m.360buyimg.com/seckillcms/s250x250_jfs/t1/104173/12/39085/133536/644b8989F8a608b7b/a380b435b623a1be.jpg','<p style=\"text-align:center;\"><img style=\"width:auto;height:auto;max-width:100%;\" alt=\"62e1f52bcbd9276e.jpg\" class=\"\" src=\"https://img10.360buyimg.com/imgzone/jfs/t1/139372/33/17479/126624/605da0f8E820df1ac/62e1f52bcbd9276e.jpg\"><img style=\"width:auto;height:auto;max-width:100%;\" alt=\"75ae68bff98554af.jpg\" class=\"\" src=\"https://img30.360buyimg.com/imgzone/jfs/t1/168808/29/15093/140366/605da0fbEfeb70824/75ae68bff98554af.jpg\"><img style=\"width: 752px; height: 1514px; max-width: 100%;\" alt=\"6a9e71a9d08d17e1.jpg\" class=\"\" src=\"https://img13.360buyimg.com/imgzone/jfs/t1/175247/32/508/174792/605da0fcE6e6737bd/6a9e71a9d08d17e1.jpg\"><img style=\"width:auto;height:auto;max-width:100%;\" alt=\"4cc14fc91d077f3c.jpg\" class=\"\" src=\"https://img14.360buyimg.com/imgzone/jfs/t1/170412/33/14684/139375/605da0fdE00947329/4cc14fc91d077f3c.jpg\"><img style=\"width:auto;height:auto;max-width:100%;\" alt=\"22b2a51d1060c966.jpg\" class=\"\" src=\"https://img10.360buyimg.com/imgzone/jfs/t1/159237/38/15143/172220/605da0fdE1c64b32a/22b2a51d1060c966.jpg\"><img style=\"width:auto;height:auto;max-width:100%;\" alt=\"285791ceff93c5df.jpg\" class=\"\" src=\"https://img20.360buyimg.com/imgzone/jfs/t1/175115/6/462/95484/605da0ffE50198d7c/285791ceff93c5df.jpg\"><br></p>'),(190,'山西红富士苹果新鲜水果 当季现摘红富士冰糖心苹果整箱 75mm(含)-80mm(不含) 带箱5斤',300.00,3000,'http://m.360buyimg.com/seckillcms/s250x250_jfs/t1/104173/12/39085/133536/644b8989F8a608b7b/a380b435b623a1be.jpg','<div id=\"J-detail-content\" style=\"font-family: pingfangSC;font-size: 14px;color: #757575;\"><br><img alt=\"\" class=\"\" src=\"https://img20.360buyimg.com/imgzone/jfs/t1/226375/38/12862/219298/65d0c985Fd4fddeb3/30b518361eb613f5.jpg\"><img alt=\"\" class=\"\" src=\"https://img12.360buyimg.com/imgzone/jfs/t1/148710/22/39118/178114/65d0c986F34981f91/686444f2e231efb5.jpg\"><img alt=\"\" class=\"\" src=\"https://img20.360buyimg.com/imgzone/jfs/t1/98319/15/44902/156130/65d0c987Faedb9d90/8a66f7eb1c47ab05.jpg\"><img alt=\"\" class=\"\" src=\"https://img12.360buyimg.com/imgzone/jfs/t1/231708/29/13722/207753/65d0c988Fd8c1cf38/8827697683fad853.jpg\"><img alt=\"\" class=\"\" src=\"https://img20.360buyimg.com/imgzone/jfs/t1/247057/25/4185/245625/65d0c98aF7be32d80/32bc2c3c925cd697.jpg\"><img alt=\"\" class=\"\" src=\"https://img11.360buyimg.com/imgzone/jfs/t1/245398/26/4650/154191/65d0c98cF40eabc19/733f0c86e3135ef0.jpg\"><img alt=\"\" class=\"\" src=\"https://img11.360buyimg.com/imgzone/jfs/t1/110201/13/48426/282448/65d0c98dFc84f6ab0/8d115db33f9c69ad.jpg\"><img alt=\"\" class=\"\" src=\"https://img13.360buyimg.com/imgzone/jfs/t1/123843/35/41545/231895/65d0c932Ffc63080e/b058b90b1f1cd738.jpg\"><map name=\"^_^:c138304ed99108478e42a5996d507737\"></map><br></div>');
/*!40000 ALTER TABLE `item` ENABLE KEYS */;
UNLOCK TABLES;

--
-- Table structure for table `item_stock`
--

DROP TABLE IF EXISTS `item_stock`;
/*!40101 SET @saved_cs_client     = @@character_set_client */;
/*!50503 SET character_set_client = utf8mb4 */;
CREATE TABLE `item_stock` (
  `id` int NOT NULL AUTO_INCREMENT,
  `item_id` int NOT NULL DEFAULT '0',
  `stock` int NOT NULL DEFAULT '0',
  PRIMARY KEY (`id`),
  UNIQUE KEY `item_id_UNIQUE` (`item_id`)
) ENGINE=InnoDB AUTO_INCREMENT=186 DEFAULT CHARSET=utf8mb3;
/*!40101 SET character_set_client = @saved_cs_client */;

--
-- Dumping data for table `item_stock`
--

LOCK TABLES `item_stock` WRITE;
/*!40000 ALTER TABLE `item_stock` DISABLE KEYS */;
INSERT INTO `item_stock` VALUES (156,161,18),(157,162,40),(158,163,60),(159,164,80),(160,165,100),(161,166,120),(162,167,140),(163,168,160),(164,169,180),(165,170,200),(166,171,220),(167,172,240),(168,173,260),(169,174,280),(170,175,300),(171,176,320),(172,177,340),(173,178,360),(174,179,380),(175,180,400),(176,181,420),(177,182,440),(178,183,460),(179,184,480),(180,185,500),(181,186,520),(182,187,540),(183,188,560),(184,189,580),(185,190,600);
/*!40000 ALTER TABLE `item_stock` ENABLE KEYS */;
UNLOCK TABLES;

--
-- Table structure for table `item_stock_log`
--

DROP TABLE IF EXISTS `item_stock_log`;
/*!40101 SET @saved_cs_client     = @@character_set_client */;
/*!50503 SET character_set_client = utf8mb4 */;
CREATE TABLE `item_stock_log` (
  `id` varchar(50) NOT NULL,
  `item_id` int NOT NULL DEFAULT '0',
  `amount` int NOT NULL DEFAULT '0',
  `status` int NOT NULL DEFAULT '0' COMMENT '0-default; 1-success; 2-failure;',
  PRIMARY KEY (`id`)
) ENGINE=InnoDB DEFAULT CHARSET=utf8mb3;
/*!40101 SET character_set_client = @saved_cs_client */;

--
-- Dumping data for table `item_stock_log`
--

LOCK TABLES `item_stock_log` WRITE;
/*!40000 ALTER TABLE `item_stock_log` DISABLE KEYS */;
/*!40000 ALTER TABLE `item_stock_log` ENABLE KEYS */;
UNLOCK TABLES;

--
-- Table structure for table `order_info`
--

DROP TABLE IF EXISTS `order_info`;
/*!40101 SET @saved_cs_client     = @@character_set_client */;
/*!50503 SET character_set_client = utf8mb4 */;
CREATE TABLE `order_info` (
  `id` varchar(50) NOT NULL,
  `user_id` int NOT NULL DEFAULT '0',
  `item_id` int NOT NULL DEFAULT '0',
  `promotion_id` int DEFAULT '0',
  `order_price` double NOT NULL DEFAULT '0',
  `order_amount` int NOT NULL DEFAULT '0',
  `order_total` double NOT NULL DEFAULT '0',
  `order_time` datetime DEFAULT CURRENT_TIMESTAMP,
  PRIMARY KEY (`id`)
) ENGINE=InnoDB DEFAULT CHARSET=utf8mb3;
/*!40101 SET character_set_client = @saved_cs_client */;

--
-- Dumping data for table `order_info`
--

LOCK TABLES `order_info` WRITE;
/*!40000 ALTER TABLE `order_info` DISABLE KEYS */;
INSERT INTO `order_info` VALUES ('20240310000000000000',19,161,92,5,2,10,'2024-03-10 17:54:19');
/*!40000 ALTER TABLE `order_info` ENABLE KEYS */;
UNLOCK TABLES;

--
-- Table structure for table `promotion`
--

DROP TABLE IF EXISTS `promotion`;
/*!40101 SET @saved_cs_client     = @@character_set_client */;
/*!50503 SET character_set_client = utf8mb4 */;
CREATE TABLE `promotion` (
  `id` int NOT NULL AUTO_INCREMENT,
  `name` varchar(100) NOT NULL DEFAULT '',
  `start_time` datetime NOT NULL DEFAULT CURRENT_TIMESTAMP,
  `end_time` datetime NOT NULL DEFAULT CURRENT_TIMESTAMP,
  `item_id` int NOT NULL DEFAULT '0',
  `promotion_price` double NOT NULL DEFAULT '0',
  PRIMARY KEY (`id`),
  UNIQUE KEY `item_id_UNIQUE` (`item_id`)
) ENGINE=InnoDB AUTO_INCREMENT=122 DEFAULT CHARSET=utf8mb3;
/*!40101 SET character_set_client = @saved_cs_client */;

--
-- Dumping data for table `promotion`
--

LOCK TABLES `promotion` WRITE;
/*!40000 ALTER TABLE `promotion` DISABLE KEYS */;
INSERT INTO `promotion` VALUES (92,'618购物','2023-06-01 00:00:00','2024-06-01 00:00:00',161,5),(93,'618购物','2023-06-01 00:00:00','2024-06-01 00:00:00',162,10),(94,'618购物','2023-06-01 00:00:00','2024-06-01 00:00:00',163,15),(95,'618购物','2023-06-01 00:00:00','2024-06-01 00:00:00',164,20),(96,'618购物','2023-06-01 00:00:00','2024-06-01 00:00:00',165,25),(97,'618购物','2023-06-01 00:00:00','2024-06-01 00:00:00',166,30),(98,'618购物','2023-06-01 00:00:00','2024-06-01 00:00:00',167,35),(99,'618购物','2023-06-01 00:00:00','2024-06-01 00:00:00',168,40),(100,'618购物','2023-06-01 00:00:00','2024-06-01 00:00:00',169,45),(101,'2024年货节','2024-02-04 15:23:14','2025-02-04 15:23:14',170,50),(102,'2024年货节','2024-02-04 15:23:15','2025-02-04 15:23:15',171,55),(103,'2024年货节','2024-02-04 15:23:15','2025-02-04 15:23:15',172,60),(104,'2024年货节','2024-02-04 15:23:15','2025-02-04 15:23:15',173,65),(105,'2024年货节','2024-02-04 15:23:15','2025-02-04 15:23:15',174,70),(106,'2024年货节','2024-02-04 15:23:15','2025-02-04 15:23:15',175,75),(107,'2024年货节','2024-02-04 15:23:16','2025-02-04 15:23:16',176,80),(108,'2024年货节','2024-02-04 15:23:16','2025-02-04 15:23:16',177,85),(109,'2024年货节','2024-02-04 15:23:16','2025-02-04 15:23:16',178,90),(110,'2024年货节','2024-02-04 15:23:16','2025-02-04 15:23:16',179,95),(111,'2024年货节','2024-02-04 15:23:16','2025-02-04 15:23:16',180,100),(112,'2024年货节','2024-02-04 15:23:16','2025-02-04 15:23:16',181,105),(113,'2024年货节','2024-02-04 15:23:16','2025-02-04 15:23:16',182,110),(114,'2024年货节','2024-02-04 15:23:17','2025-02-04 15:23:17',183,115),(115,'2024年货节','2024-02-04 15:23:17','2025-02-04 15:23:17',184,120),(116,'2024年货节','2024-02-04 15:23:17','2025-02-04 15:23:17',185,125),(117,'2024年货节','2024-02-04 15:23:17','2025-02-04 15:23:17',186,130),(118,'2024年货节','2024-02-04 15:23:17','2025-02-04 15:23:17',187,135),(119,'2024年货节','2024-02-04 15:23:17','2025-02-04 15:23:17',188,140),(120,'2024年货节','2024-02-04 15:23:17','2025-02-04 15:23:17',189,145),(121,'2024年货节','2024-02-04 15:23:17','2025-02-04 15:23:17',190,150);
/*!40000 ALTER TABLE `promotion` ENABLE KEYS */;
UNLOCK TABLES;

--
-- Table structure for table `serial_number`
--

DROP TABLE IF EXISTS `serial_number`;
/*!40101 SET @saved_cs_client     = @@character_set_client */;
/*!50503 SET character_set_client = utf8mb4 */;
CREATE TABLE `serial_number` (
  `name` varchar(50) NOT NULL,
  `value` int NOT NULL DEFAULT '0',
  `step` int NOT NULL DEFAULT '1',
  PRIMARY KEY (`name`),
  UNIQUE KEY `name_UNIQUE` (`name`)
) ENGINE=InnoDB DEFAULT CHARSET=utf8mb3;
/*!40101 SET character_set_client = @saved_cs_client */;

--
-- Dumping data for table `serial_number`
--

LOCK TABLES `serial_number` WRITE;
/*!40000 ALTER TABLE `serial_number` DISABLE KEYS */;
INSERT INTO `serial_number` VALUES ('order_serial',1,1);
/*!40000 ALTER TABLE `serial_number` ENABLE KEYS */;
UNLOCK TABLES;

--
-- Table structure for table `user_info`
--

DROP TABLE IF EXISTS `user_info`;
/*!40101 SET @saved_cs_client     = @@character_set_client */;
/*!50503 SET character_set_client = utf8mb4 */;
CREATE TABLE `user_info` (
  `id` int NOT NULL AUTO_INCREMENT,
  `phone` varchar(20) NOT NULL DEFAULT '',
  `password` varchar(100) NOT NULL DEFAULT '',
  `nickname` varchar(100) NOT NULL DEFAULT '',
  `gender` tinyint NOT NULL DEFAULT '0',
  `age` int NOT NULL DEFAULT '0',
  PRIMARY KEY (`id`),
  UNIQUE KEY `phone_UNIQUE` (`phone`)
) ENGINE=InnoDB AUTO_INCREMENT=20 DEFAULT CHARSET=utf8mb3;
/*!40101 SET character_set_client = @saved_cs_client */;

--
-- Dumping data for table `user_info`
--

LOCK TABLES `user_info` WRITE;
/*!40000 ALTER TABLE `user_info` DISABLE KEYS */;
INSERT INTO `user_info` VALUES (11,'18600000000','5a53042a7daf1aeeb39569277cd76867','18600000000',1,20),(12,'18611111111','5a53042a7daf1aeeb39569277cd76867','18611111111',1,20),(13,'18622222222','5a53042a7daf1aeeb39569277cd76867','18622222222',1,30),(14,'18633333333','5a53042a7daf1aeeb39569277cd76867','18633333333',1,30),(15,'18644444444','5a53042a7daf1aeeb39569277cd76867','18644444444',1,30),(18,'15621324234','3cfd176102732c4b1702b82f57dd060c','1',1,1),(19,'15621125116','a8b1e45170636307baad70853aa487b8','ergh',1,22);
/*!40000 ALTER TABLE `user_info` ENABLE KEYS */;
UNLOCK TABLES;
/*!40103 SET TIME_ZONE=@OLD_TIME_ZONE */;

/*!40101 SET SQL_MODE=@OLD_SQL_MODE */;
/*!40014 SET FOREIGN_KEY_CHECKS=@OLD_FOREIGN_KEY_CHECKS */;
/*!40014 SET UNIQUE_CHECKS=@OLD_UNIQUE_CHECKS */;
/*!40101 SET CHARACTER_SET_CLIENT=@OLD_CHARACTER_SET_CLIENT */;
/*!40101 SET CHARACTER_SET_RESULTS=@OLD_CHARACTER_SET_RESULTS */;
/*!40101 SET COLLATION_CONNECTION=@OLD_COLLATION_CONNECTION */;
/*!40111 SET SQL_NOTES=@OLD_SQL_NOTES */;

-- Dump completed on 2024-03-10 23:36:21
